sub_family,tribe,scientific_name,common_name,secondary_common_names
 Hylid, Pelodryadidae,Cyclorana,,
 Hylid, Pelodryadidae,Cyclorana alboguttata,Green-striped Frog,Green-striped Frog
 Hylid, Pelodryadidae,Cyclorana australis,Giant Frog,Giant Frog
 Hylid, Pelodryadidae,Cyclorana brevipes,Short-footed Frog,Short-footed Frog
 Hylid, Pelodryadidae,Cyclorana cryptotis,Earless Frog,Earless Frog
 Hylid, Pelodryadidae,Cyclorana cultripes,Grassland Collared Frog,Grassland Collared Frog
 Hylid, Pelodryadidae,Cyclorana longipes,,
 Hylid, Pelodryadidae,Cyclorana maculosa,Spotted Collared Frog,Spotted Collared Frog
 Hylid, Pelodryadidae,Cyclorana maini,"Sheep Frog, Western Collared Frog","Sheep Frog, Western Collared Frog"
 Hylid, Pelodryadidae,Cyclorana manya,Small Frog,Small Frog
 Hylid, Pelodryadidae,Cyclorana novaehollandiae,,
 Hylid, Pelodryadidae,Cyclorana occidentalis,,
 Hylid, Pelodryadidae,Cyclorana platycephala,,
 Hylid, Pelodryadidae,Cyclorana vagitus,,
 Hylid, Pelodryadidae,Cyclorana verrucosa,Rough Frog,Rough Frog
 Hylid, Pelodryadidae,Litoria,,
 Hylid, Pelodryadidae,Litoria adelaidensis,,
 Hylid, Pelodryadidae,Litoria andiirrmalin,"Andirrmalin Frog, Cape Melville Tree Frog","Andirrmalin Frog, Cape Melville Tree Frog"
 Hylid, Pelodryadidae,Litoria aurea,Green and Gold Bell Frog,Green and Gold Bell Frog
 Hylid, Pelodryadidae,Litoria aurifera,,
 Hylid, Pelodryadidae,Litoria axillaris,,
 Hylid, Pelodryadidae,Litoria balatus,,
 Hylid, Pelodryadidae,Litoria barringtonensis,,
 Hylid, Pelodryadidae,Litoria bella,,
 Hylid, Pelodryadidae,Litoria bicolor,Northern Dwarf Tree Frog,Northern Dwarf Tree Frog
 Hylid, Pelodryadidae,Litoria booroolongensis,,
 Hylid, Pelodryadidae,Litoria brevipalmata,,
 Hylid, Pelodryadidae,Litoria burrowsae,,
 Hylid, Pelodryadidae,Litoria caerulea,Common Green Tree Frog,Common Green Tree Frog
 Hylid, Pelodryadidae,Litoria calliscelis,,
 Hylid, Pelodryadidae,Litoria castanea,Yellow-spotted Tree Frog,Yellow-spotted Tree Frog
 Hylid, Pelodryadidae,Litoria cavernicola,"Cave-dwelling Frog, Cave Tree Frog","Cave-dwelling Frog, Cave Tree Frog"
 Hylid, Pelodryadidae,Litoria chloris,Southern Orange-eyed Tree Frog,Southern Orange-eyed Tree Frog
 Hylid, Pelodryadidae,Litoria citropa,,
 Hylid, Pelodryadidae,Litoria cooloolensis,Cooloola Tree Frog,Cooloola Tree Frog
 Hylid, Pelodryadidae,Litoria coplandi,"Common Rock Frog, Sandstone Frog","Common Rock Frog, Sandstone Frog"
 Hylid, Pelodryadidae,Litoria corbeni,,
 Hylid, Pelodryadidae,Litoria cyclorhyncha,,
 Hylid, Pelodryadidae,Litoria dahlii,Northern Water Frog,Northern Water Frog
 Hylid, Pelodryadidae,Litoria daviesae,,
 Hylid, Pelodryadidae,Litoria dayi,,
 Hylid, Pelodryadidae,Litoria dentata,Bleating Tree Frog,Bleating Tree Frog
 Hylid, Pelodryadidae,Litoria electrica,,
 Hylid, Pelodryadidae,Litoria eucnemis,Growling Green-eyed Tree Frog,Growling Green-eyed Tree Frog
 Hylid, Pelodryadidae,Litoria eungellensis,,
 Hylid, Pelodryadidae,Litoria ewingii,Ewing’s Tree Frog,Ewing’s Tree Frog
 Hylid, Pelodryadidae,Litoria fallax,Eastern Sedge Frog,Eastern Sedge Frog
 Hylid, Pelodryadidae,Litoria freycineti,,
 Hylid, Pelodryadidae,Litoria gilleni,,
 Hylid, Pelodryadidae,Litoria gracilenta,Dainty Green Tree Frog,Dainty Green Tree Frog
 Hylid, Pelodryadidae,Litoria inermis,,
 Hylid, Pelodryadidae,Litoria infrafrenata,Giant Tree Frog,Giant Tree Frog
 Hylid, Pelodryadidae,Litoria jervisiensis,,
 Hylid, Pelodryadidae,Litoria jungguy,"Jungguy Tree Frog, Northern Stony-creek Frog","Jungguy Tree Frog, Northern Stony-creek Frog"
 Hylid, Pelodryadidae,Litoria kroombitensis,,
 Hylid, Pelodryadidae,Litoria larisonans,,
 Hylid, Pelodryadidae,Litoria latopalmata,,
 Hylid, Pelodryadidae,Litoria lesueuri,Southern Stony-creek Frog,Southern Stony-creek Frog
 Hylid, Pelodryadidae,Litoria littlejohni,"Littejohn’s Tree Frog, Heath Tree Frog","Littejohn’s Tree Frog, Heath Tree Frog"
 Hylid, Pelodryadidae,Litoria longirostris,,
 Hylid, Pelodryadidae,Litoria lorica,Little Waterfall Frog,Little Waterfall Frog
 Hylid, Pelodryadidae,Litoria meiriana,,
 Hylid, Pelodryadidae,Litoria microbelos,,
 Hylid, Pelodryadidae,Litoria moorei,,
 Hylid, Pelodryadidae,Litoria myola,,
 Hylid, Pelodryadidae,Litoria nannotis,Torrent Tree Frog,Torrent Tree Frog
 Hylid, Pelodryadidae,Litoria nasuta,Rocket Frog,Rocket Frog
 Hylid, Pelodryadidae,Litoria nigrofrenata,Bridle Frog,Bridle Frog
 Hylid, Pelodryadidae,Litoria nudidigitus,"Southern Leaf-green Tree Frog, Leaf Green River Tree Frog","Southern Leaf-green Tree Frog, Leaf Green River Tree Frog"
 Hylid, Pelodryadidae,Litoria nyakalensis,Nyakala Frog,Nyakala Frog
 Hylid, Pelodryadidae,Litoria olongburensis,Olongburra Frog,Olongburra Frog
 Hylid, Pelodryadidae,Litoria pallida,Pallid Rocket Frog,Pallid Rocket Frog
 Hylid, Pelodryadidae,Litoria paraewingi,,
 Hylid, Pelodryadidae,Litoria pearsoniana,Pearson’s Stream Frog,Pearson’s Stream Frog
 Hylid, Pelodryadidae,Litoria peronii,Emerald-spotted Tree Frog,Emerald-spotted Tree Frog
 Hylid, Pelodryadidae,Litoria personata,,
 Hylid, Pelodryadidae,Litoria phyllochroa,Leaf-green Tree Frog,Leaf-green Tree Frog
 Hylid, Pelodryadidae,Litoria piperata,,
 Hylid, Pelodryadidae,Litoria pyrina,,
 Hylid, Pelodryadidae,Litoria quiritatus,,
 Hylid, Pelodryadidae,Litoria raniformis,,
 Hylid, Pelodryadidae,Litoria raniformis major,,
 Hylid, Pelodryadidae,Litoria raniformis raniformis,,
 Hylid, Pelodryadidae,Litoria revelata,"Revealed Frog, Whirring Tree Frog","Revealed Frog, Whirring Tree Frog"
 Hylid, Pelodryadidae,Litoria rheocola,,
 Hylid, Pelodryadidae,Litoria ridibunda,Roth’s Tree Frog,Roth’s Tree Frog
 Hylid, Pelodryadidae,Litoria rothii,Roth’s Tree Frog,Roth’s Tree Frog
 Hylid, Pelodryadidae,Litoria rubella,"Desert Tree Frog, Ruddy Tree Frog, Little Red Tree Frog","Desert Tree Frog, Ruddy Tree Frog, Little Red Tree Frog"
 Hylid, Pelodryadidae,Litoria serrata,,
 Hylid, Pelodryadidae,Litoria sibilus,,
 Hylid, Pelodryadidae,Litoria spaldingi,,
 Hylid, Pelodryadidae,Litoria spenceri,,
 Hylid, Pelodryadidae,Litoria splendida,Splendid Tree Frog,Splendid Tree Frog
 Hylid, Pelodryadidae,Litoria staccato,,
 Hylid, Pelodryadidae,Litoria subglandulosa,Glandular Frog,Glandular Frog
 Hylid, Pelodryadidae,Litoria tornieri,,
 Hylid, Pelodryadidae,Litoria tyleri,"Southern Laughing Tree Frog, Laughing Tree Frog","Southern Laughing Tree Frog, Laughing Tree Frog"
 Hylid, Pelodryadidae,Litoria verreauxii alpina,,
 Hylid, Pelodryadidae,Litoria verreauxii,,
 Hylid, Pelodryadidae,Litoria watjulumensis,"Giant Rocket Frog, Wotjulum Frog","Giant Rocket Frog, Wotjulum Frog"
 Hylid, Pelodryadidae,Litoria watsoni,Watson’s Tree Frog,Watson’s Tree Frog
 Hylid, Pelodryadidae,Litoria wilcoxii,Eastern Stony-creek Frog,Eastern Stony-creek Frog
 Hylid, Pelodryadidae,Litoria xanthomera,Northern Orange-eyed Tree Frog,Northern Orange-eyed Tree Frog
 Microhylidae, Asterophryninae,Austrochaperina,,
 Microhylidae, Asterophryninae,Austrochaperina adelphe,,
 Microhylidae, Asterophryninae,Austrochaperina fryi,Peeping Whistling Frog,Peeping Whistling Frog
 Microhylidae, Asterophryninae,Austrochaperina gracilipes,"Shrill Whistle Frog, Cape York Whistling Frog","Shrill Whistle Frog, Cape York Whistling Frog"
 Microhylidae, Asterophryninae,Austrochaperina pluvialis,White-browed Whistle Frog,White-browed Whistle Frog
 Microhylidae, Asterophryninae,Austrochaperina robusta,,
 Microhylidae, Asterophryninae,Cophixalus,,
 Microhylidae, Asterophryninae,Cophixalus aenigma,,
 Microhylidae, Asterophryninae,Cophixalus australis,,
 Microhylidae, Asterophryninae,Cophixalus bombiens,,
 Microhylidae, Asterophryninae,Cophixalus concinnus,Tapping Nursery Frog,Tapping Nursery Frog
 Microhylidae, Asterophryninae,Cophixalus crepitans,"Northern Nursery Frog, McIlwraith Nursery Frog","Northern Nursery Frog, McIlwraith Nursery Frog"
 Microhylidae, Asterophryninae,Cophixalus exiguus,Dainty Nursery Frog,Dainty Nursery Frog
 Microhylidae, Asterophryninae,Cophixalus hinchinbrookensis,Hinchinbrook Island Nursery Frog,Hinchinbrook Island Nursery Frog
 Microhylidae, Asterophryninae,Cophixalus hosmeri,,
 Microhylidae, Asterophryninae,Cophixalus infacetus,,
 Microhylidae, Asterophryninae,Cophixalus kulakula,,
 Microhylidae, Asterophryninae,Cophixalus mcdonaldi,,
 Microhylidae, Asterophryninae,Cophixalus monticola,Mountain Nursery Frog,Mountain Nursery Frog
 Microhylidae, Asterophryninae,Cophixalus neglectus,,
 Microhylidae, Asterophryninae,Cophixalus ornatus,Ornate Nursery Frog,Ornate Nursery Frog
 Microhylidae, Asterophryninae,Cophixalus pakayakulangun,,
 Microhylidae, Asterophryninae,Cophixalus peninsularis,,
 Microhylidae, Asterophryninae,Cophixalus petrophilus,,
 Microhylidae, Asterophryninae,Cophixalus saxatilis,,
 Microhylidae, Asterophryninae,Cophixalus zweifeli,,
 Myobatrachid, Limnodynastidae,Adelotus,,
 Myobatrachid, Limnodynastidae,Adelotus brevis,,
 Myobatrachid, Limnodynastidae,Heleioporus,,
 Myobatrachid, Limnodynastidae,Heleioporus albopunctatus,,
 Myobatrachid, Limnodynastidae,Heleioporus australiacus,Eastern Owl Frog,Eastern Owl Frog
 Myobatrachid, Limnodynastidae,Heleioporus australiacus flavopunctatus,,
 Myobatrachid, Limnodynastidae,Heleioporus barycragus,,
 Myobatrachid, Limnodynastidae,Heleioporus eyrei,,
 Myobatrachid, Limnodynastidae,Heleioporus inornatus,,
 Myobatrachid, Limnodynastidae,Heleioporus psammophilus,,
 Myobatrachid, Limnodynastidae,Limnodynastes,,
 Myobatrachid, Limnodynastidae,Limnodynastes convexiusculus,,
 Myobatrachid, Limnodynastidae,Limnodynastes depressus,,
 Myobatrachid, Limnodynastidae,Limnodynastes dorsalis,,
 Myobatrachid, Limnodynastidae,Limnodynastes dumerilii,Grey-bellied Pobblebonk,Grey-bellied Pobblebonk
 Myobatrachid, Limnodynastidae,Limnodynastes dumerilii fryi,,
 Myobatrachid, Limnodynastidae,Limnodynastes dumerilii insularis,,
 Myobatrachid, Limnodynastidae,Limnodynastes dumerilii variegatus,,
 Myobatrachid, Limnodynastidae,Limnodynastes fletcheri,Barking Frog,Barking Frog
 Myobatrachid, Limnodynastidae,Limnodynastes grayi,Southern Scarlet-sided Banjo Frog; Southern Scarlet-sided Pobblebonk,Southern Scarlet-sided Banjo Frog; Southern Scarlet-sided Pobblebonk
 Myobatrachid, Limnodynastidae,Limnodynastes interioris,,
 Myobatrachid, Limnodynastidae,Limnodynastes lignarius,Carpenter Frog,Carpenter Frog
 Myobatrachid, Limnodynastidae,Limnodynastes peronii,,
 Myobatrachid, Limnodynastidae,Limnodynastes salmini,,
 Myobatrachid, Limnodynastidae,Limnodynastes superciliaris,,
 Myobatrachid, Limnodynastidae,Limnodynastes tasmaniensis,Spotted Grass Frog,Spotted Grass Frog
 Myobatrachid, Limnodynastidae,Limnodynastes terraereginae,"Northern Banjo Frog, Northern Scarlet-sided Pobblebonk, Northern Scarlet-sided Banjo Frog","Northern Banjo Frog, Northern Scarlet-sided Pobblebonk, Northern Scarlet-sided Banjo Frog"
 Myobatrachid, Limnodynastidae,Neobatrachus,,
 Myobatrachid, Limnodynastidae,Neobatrachus albipes,,
 Myobatrachid, Limnodynastidae,Neobatrachus aquilonius,"Northern Burrowing Frog, Rattling Frog","Northern Burrowing Frog, Rattling Frog"
 Myobatrachid, Limnodynastidae,Neobatrachus fulvus,,
 Myobatrachid, Limnodynastidae,Neobatrachus kunapalari,Kunupalari Frog,Kunupalari Frog
 Myobatrachid, Limnodynastidae,Neobatrachus pelobatoides,,
 Myobatrachid, Limnodynastidae,Neobatrachus pictus,"Painted Spadefoot Frog, Painted Trilling Frog","Painted Spadefoot Frog, Painted Trilling Frog"
 Myobatrachid, Limnodynastidae,Neobatrachus sudellae,"Common Spadefoot Frog, Meeowing Frog, Desert Trilling Frog","Common Spadefoot Frog, Meeowing Frog, Desert Trilling Frog"
 Myobatrachid, Limnodynastidae,Neobatrachus sutor,,
 Myobatrachid, Limnodynastidae,Neobatrachus wilsmorei,Goldfields Bull Frog,Goldfields Bull Frog
 Myobatrachid, Limnodynastidae,Notaden,,
 Myobatrachid, Limnodynastidae,Notaden bennettii,"Crucifix Toad, Holy Cross Frog","Crucifix Toad, Holy Cross Frog"
 Myobatrachid, Limnodynastidae,Notaden melanoscaphus,Brown Shovelfoot,Brown Shovelfoot
 Myobatrachid, Limnodynastidae,Notaden nichollsi,Desert Shovelfoot,Desert Shovelfoot
 Myobatrachid, Limnodynastidae,Notaden weigeli,,
 Myobatrachid, Limnodynastidae,Philoria,,
 Myobatrachid, Limnodynastidae,Philoria frosti,,
 Myobatrachid, Limnodynastidae,Philoria knowlesi,Mt Ballow Mountain Frog,Mt Ballow Mountain Frog
 Myobatrachid, Limnodynastidae,Philoria kundagungan,,
 Myobatrachid, Limnodynastidae,Philoria loveridgei,Loveridge’s Mountain Frog,Loveridge’s Mountain Frog
 Myobatrachid, Limnodynastidae,Philoria pughi,,
 Myobatrachid, Limnodynastidae,Philoria richmondensis,Richmond Mountain Frog,Richmond Mountain Frog
 Myobatrachid, Limnodynastidae,Philoria sphagnicola,,
 Myobatrachid, Limnodynastidae,Platyplectrum,,
 Myobatrachid, Limnodynastidae,Platyplectrum fletcheri,"Fletcher’s Frog, Black-soled Frog","Fletcher’s Frog, Black-soled Frog"
 Myobatrachid, Limnodynastidae,Platyplectrum ornatum,,
 Myobatrachid, Limnodynastidae,Platyplectrum spenceri,"Spencer’s Frog, Desert Burrowing Frog, Spencer’s Burrowing Frog","Spencer’s Frog, Desert Burrowing Frog, Spencer’s Burrowing Frog"
 Myobatrachid, Myobatrachidae,Anstisia,,
 Myobatrachid, Myobatrachidae,Anstisia alba,White-bellied Froglet,White-bellied Froglet
 Myobatrachid, Myobatrachidae,Anstisia lutea,"Nornalup Frog, Walpole Froglet","Nornalup Frog, Walpole Froglet"
 Myobatrachid, Myobatrachidae,Anstisia rosea,Roseate Froglet,Roseate Froglet
 Myobatrachid, Myobatrachidae,Anstisia vitellina,"Yellow-bellied Frog, Orange-bellied Froglet","Yellow-bellied Frog, Orange-bellied Froglet"
 Myobatrachid, Myobatrachidae,Arenophryne,,
 Myobatrachid, Myobatrachidae,Arenophryne rotunda,,
 Myobatrachid, Myobatrachidae,Arenophryne xiphorhyncha,,
 Myobatrachid, Myobatrachidae,Assa,,
 Myobatrachid, Myobatrachidae,Assa darlingtoni,"Marsupial Frog, Pouched Frog","Marsupial Frog, Pouched Frog"
 Myobatrachid, Myobatrachidae,Assa wollumbin,Wollumbin Pouched Frog,Wollumbin Pouched Frog
 Myobatrachid, Myobatrachidae,Crinia,,
 Myobatrachid, Myobatrachidae,Crinia bilingua,,
 Myobatrachid, Myobatrachidae,Crinia deserticola,Chirping Froglet,Chirping Froglet
 Myobatrachid, Myobatrachidae,Crinia fimbriata,,
 Myobatrachid, Myobatrachidae,Crinia flindersensis,,
 Myobatrachid, Myobatrachidae,Crinia georgiana,,
 Myobatrachid, Myobatrachidae,Crinia glauerti,Glauert’s Froglet,Glauert’s Froglet
 Myobatrachid, Myobatrachidae,Crinia insignifera,,
 Myobatrachid, Myobatrachidae,Crinia nimbus,,
 Myobatrachid, Myobatrachidae,Crinia parinsignifera,Beeping Froglet,Beeping Froglet
 Myobatrachid, Myobatrachidae,Crinia pseudinsignifera,,
 Myobatrachid, Myobatrachidae,Crinia remota,Northern Froglet,Northern Froglet
 Myobatrachid, Myobatrachidae,Crinia riparia,Streambank Froglet,Streambank Froglet
 Myobatrachid, Myobatrachidae,Crinia signifera,Clicking Froglet,Clicking Froglet
 Myobatrachid, Myobatrachidae,Crinia sloanei,,
 Myobatrachid, Myobatrachidae,Crinia subinsignifera,,
 Myobatrachid, Myobatrachidae,Crinia tasmaniensis,,
 Myobatrachid, Myobatrachidae,Crinia tinnula,Tinkling Froglet,Tinkling Froglet
 Myobatrachid, Myobatrachidae,Geocrinia,,
 Myobatrachid, Myobatrachidae,Geocrinia laevis,Tasmanian Smooth Froglet,Tasmanian Smooth Froglet
 Myobatrachid, Myobatrachidae,Geocrinia leai,,
 Myobatrachid, Myobatrachidae,Geocrinia sparsiflora,,
 Myobatrachid, Myobatrachidae,Geocrinia victoriana,"Eastern Smooth Froglet, Victorian Smooth Froglet","Eastern Smooth Froglet, Victorian Smooth Froglet"
 Myobatrachid, Myobatrachidae,Metacrinia,,
 Myobatrachid, Myobatrachidae,Metacrinia nichollsi,Nicholls’ Toadlet,Nicholls’ Toadlet
 Myobatrachid, Myobatrachidae,Mixophyes,,
 Myobatrachid, Myobatrachidae,Mixophyes australis,Southern Stuttering Barred Frog,Southern Stuttering Barred Frog
 Myobatrachid, Myobatrachidae,Mixophyes balbus,Northern Stuttering Barred Frog,Northern Stuttering Barred Frog
 Myobatrachid, Myobatrachidae,Mixophyes carbinensis,,
 Myobatrachid, Myobatrachidae,Mixophyes coggeri,,
 Myobatrachid, Myobatrachidae,Mixophyes fasciolatus,,
 Myobatrachid, Myobatrachidae,Mixophyes fleayi,,
 Myobatrachid, Myobatrachidae,Mixophyes iteratus,,
 Myobatrachid, Myobatrachidae,Mixophyes schevilli,,
 Myobatrachid, Myobatrachidae,Myobatrachus,,
 Myobatrachid, Myobatrachidae,Myobatrachus gouldii,,
 Myobatrachid, Myobatrachidae,Paracrinia,,
 Myobatrachid, Myobatrachidae,Paracrinia haswelli,,
 Myobatrachid, Myobatrachidae,Pseudophryne,,
 Myobatrachid, Myobatrachidae,Pseudophryne australis,Red-crowned Broodfrog,Red-crowned Broodfrog
 Myobatrachid, Myobatrachidae,Pseudophryne bibronii,"Bibron’s Broodfrog, Brown Broodfrog","Bibron’s Broodfrog, Brown Broodfrog"
 Myobatrachid, Myobatrachidae,Pseudophryne coriacea,Red-backed Broodfrog,Red-backed Broodfrog
 Myobatrachid, Myobatrachidae,Pseudophryne corroboree,,
 Myobatrachid, Myobatrachidae,Pseudophryne covacevichae,Magnificent Broodfrog,Magnificent Broodfrog
 Myobatrachid, Myobatrachidae,Pseudophryne dendyi,Dendy’s Broodfrog,Dendy’s Broodfrog
 Myobatrachid, Myobatrachidae,Pseudophryne douglasi,Gorge Broodfrog,Gorge Broodfrog
 Myobatrachid, Myobatrachidae,Pseudophryne guentheri,"Gunther’s Toadlet, Crawling Broodfrog","Gunther’s Toadlet, Crawling Broodfrog"
 Myobatrachid, Myobatrachidae,Pseudophryne major,Great Brown Broodfrog,Great Brown Broodfrog
 Myobatrachid, Myobatrachidae,Pseudophryne occidentalis,Western Broodfrog,Western Broodfrog
 Myobatrachid, Myobatrachidae,Pseudophryne pengilleyi,,
 Myobatrachid, Myobatrachidae,Pseudophryne raveni,Copper-backed Broodfrog,Copper-backed Broodfrog
 Myobatrachid, Myobatrachidae,Pseudophryne robinsoni,Central Ranges Broodfrog,Central Ranges Broodfrog
 Myobatrachid, Myobatrachidae,Pseudophryne semimarmorata,Southern Broodfrog,Southern Broodfrog
 Myobatrachid, Myobatrachidae,Rheobatrachus,,
 Myobatrachid, Myobatrachidae,Rheobatrachus silus,,
 Myobatrachid, Myobatrachidae,Rheobatrachus vitellinus,,
 Myobatrachid, Myobatrachidae,Spicospina,,
 Myobatrachid, Myobatrachidae,Spicospina flammocaerulea,,
 Myobatrachid, Myobatrachidae,Taudactylus,,
 Myobatrachid, Myobatrachidae,Taudactylus acutirostris,,
 Myobatrachid, Myobatrachidae,Taudactylus diurnus,,
 Myobatrachid, Myobatrachidae,Taudactylus eungellensis,,
 Myobatrachid, Myobatrachidae,Taudactylus liemi,Liem’s Tinker Frog,Liem’s Tinker Frog
 Myobatrachid, Myobatrachidae,Taudactylus pleione,Kroombit Tops Tinker Frog,Kroombit Tops Tinker Frog
 Myobatrachid, Myobatrachidae,Taudactylus rheophilus,,
 Myobatrachid, Myobatrachidae,Uperoleia,,
 Myobatrachid, Myobatrachidae,Uperoleia altissima,"Tableland Gungan, Upland Toadlet","Tableland Gungan, Upland Toadlet"
 Myobatrachid, Myobatrachidae,Uperoleia arenicola,Jabiru Toadlet,Jabiru Toadlet
 Myobatrachid, Myobatrachidae,Uperoleia aspera,,
 Myobatrachid, Myobatrachidae,Uperoleia borealis,,
 Myobatrachid, Myobatrachidae,Uperoleia crassa,,
 Myobatrachid, Myobatrachidae,Uperoleia daviesae,,
 Myobatrachid, Myobatrachidae,Uperoleia fusca,Dusky Gungan,Dusky Gungan
 Myobatrachid, Myobatrachidae,Uperoleia glandulosa,,
 Myobatrachid, Myobatrachidae,Uperoleia gurrumuli,,
 Myobatrachid, Myobatrachidae,Uperoleia laevigata,Eastern Gunganm Eastern Toadlet,Eastern Gunganm Eastern Toadlet
 Myobatrachid, Myobatrachidae,Uperoleia lithomoda,Stonemason Gungan,Stonemason Gungan
 Myobatrachid, Myobatrachidae,Uperoleia littlejohni,"Einasleigh Gungan, Einasleigh Toadlet","Einasleigh Gungan, Einasleigh Toadlet"
 Myobatrachid, Myobatrachidae,Uperoleia mahonyi,,
 Myobatrachid, Myobatrachidae,Uperoleia marmorata,,
 Myobatrachid, Myobatrachidae,Uperoleia martini,,
 Myobatrachid, Myobatrachidae,Uperoleia micra,,
 Myobatrachid, Myobatrachidae,Uperoleia micromeles,,
 Myobatrachid, Myobatrachidae,Uperoleia mimula,Mimicking Gungan,Mimicking Gungan
 Myobatrachid, Myobatrachidae,Uperoleia minima,,
 Myobatrachid, Myobatrachidae,Uperoleia mjobergii,Mjoberg’sToadlet,Mjoberg’sToadlet
 Myobatrachid, Myobatrachidae,Uperoleia orientalis,,
 Myobatrachid, Myobatrachidae,Uperoleia rugosa,"Chubby Gungan, Chubby Toadlet","Chubby Gungan, Chubby Toadlet"
 Myobatrachid, Myobatrachidae,Uperoleia russelli,Western Toadlet,Western Toadlet
 Myobatrachid, Myobatrachidae,Uperoleia saxatilis,,
 Myobatrachid, Myobatrachidae,Uperoleia stridera,,
 Myobatrachid, Myobatrachidae,Uperoleia talpa,,
 Myobatrachid, Myobatrachidae,Uperoleia trachyderma,Orange Shouldered Gungan,Orange Shouldered Gungan
 Myobatrachid, Myobatrachidae,Uperoleia tyleri,,
 Ranid, Ranidae,Papurana,,
 Ranid, Ranidae,Papurana daemeli,Australian Wood Frog,Australian Wood Frog
 Toad, Bufonidae,Rhinella,,
 Toad, Bufonidae,Rhinella marina,,
